factory,line,pass,fail,yield_pct,oee_pct,state,reason,duration_min
Assembly,ASM01,14118,432,97.03,51.91,Down,Scheduled Downtime,20
Assembly,ASM02,18365,732,96.17,55.65,Down,No Operator,10
Assembly,ASM05,21315,415,98.09,60.55,Running,,0
Molding,MLD03,13093,357,97.35,46.76,Running,,0
Molding,MLD04,22112,256,98.86,60.91,Running,,0
Molding,MLD05,12399,704,94.63,38.87,Running,,0
Molding,MLD06,10532,519,95.3,35.47,Running,,0
Molding,MLD07,12160,502,96.04,42.52,Running,,0
Coating,COT01,12726,465,96.47,53.03,Running,,0
Coating,COT02,18945,560,97.13,53.82,Down,No Operator,8
Coating,COT03,15804,346,97.86,47.89,Running,,0
Packaging,PKG04,15478,901,94.5,46.9,Down,Jam,20
Packaging,PKG05,9302,1362,87.23,32.53,Running,,0
Packaging,PKG06,13512,1161,92.09,48.43,Down,Jam,6
Packaging,PKG07,9415,952,90.82,35.67,Running,,0
Packaging,PKG08,17159,1917,89.95,48.74,Running,,0
Kitting,KIT03,20159,345,98.32,61.09,Running,,0
Kitting,KIT04,20861,470,97.8,57.47,Running,,0
Kitting,KIT05,13294,260,98.08,45.84,Running,,0
Kitting,KIT07,19417,275,98.6,58.84,Running,,0
Kitting,KIT08,12656,229,98.22,51.03,Down,Jam,7
