ts,factory,line,state,reason,duration_min
2026-10-07T00:48:56Z,Assembly,ASM01,Down,Change Over - Line clearance,51
2026-10-07T00:48:56Z,Assembly,ASM02,Running,,0
2026-10-07T00:48:56Z,Assembly,ASM05,Running,,0
2026-10-07T00:48:56Z,Molding,MLD03,Running,,0
2026-10-07T00:48:56Z,Molding,MLD04,Running,,0
2026-10-07T00:48:56Z,Molding,MLD05,Running,,0
2026-10-07T00:48:56Z,Molding,MLD06,Running,,0
2026-10-07T00:48:56Z,Molding,MLD07,Down,Jam,80
2026-10-07T00:48:56Z,Coating,COT01,Down,No Operator,21
2026-10-07T00:48:56Z,Coating,COT02,Running,,0
2026-10-07T00:48:56Z,Coating,COT03,Running,,0
2026-10-07T00:48:56Z,Packaging,PKG04,Down,Scheduled Downtime,23
2026-10-07T00:48:56Z,Packaging,PKG05,Running,,0
2026-10-07T00:48:56Z,Packaging,PKG06,Down,Change Over - Line clearance,27
2026-10-07T00:48:56Z,Packaging,PKG07,Running,,0
2026-10-07T00:48:56Z,Packaging,PKG08,Down,Jam,8
2026-10-07T00:48:56Z,Kitting,KIT03,Running,,0
2026-10-07T00:48:56Z,Kitting,KIT04,Running,,0
2026-10-07T00:48:56Z,Kitting,KIT05,Down,Change Over - Line clearance,62
2026-10-07T00:48:56Z,Kitting,KIT07,Down,Scheduled Downtime,95
2026-10-07T00:48:56Z,Kitting,KIT08,Running,,0
