ts,factory,line,pass,fail,yield_pct,avail_pct,perform_pct,oee_pct
2026-09-30T11:00:00Z,Assembly,ASM01,2162,75,96.65,80.0,82.24,63.59
2026-09-30T11:00:00Z,Assembly,ASM02,520,20,96.38,21.67,83.05,17.34
2026-09-30T11:00:00Z,Assembly,ASM05,1866,22,98.85,85.0,69.39,58.3
2026-09-30T11:00:00Z,Molding,MLD03,944,28,97.11,51.67,67.2,33.72
2026-09-30T11:00:00Z,Molding,MLD04,2026,22,98.94,81.67,75.99,61.4
2026-09-30T11:00:00Z,Molding,MLD05,1292,87,93.68,78.33,60.7,44.54
2026-09-30T11:00:00Z,Molding,MLD07,1707,53,97.01,100.0,67.66,65.64
2026-09-30T11:00:00Z,Coating,COT01,410,17,96.04,28.33,62.71,17.06
2026-09-30T11:00:00Z,Coating,COT02,2061,78,96.36,100.0,66.85,64.41
2026-09-30T11:00:00Z,Coating,COT03,732,15,98.01,45.0,55.29,24.38
2026-09-30T11:00:00Z,Packaging,PKG04,1111,68,94.26,66.67,58.91,37.02
2026-09-30T11:00:00Z,Packaging,PKG05,675,102,86.83,66.67,44.82,25.94
2026-09-30T11:00:00Z,Packaging,PKG06,2070,159,92.85,90.0,79.9,66.77
2026-09-30T11:00:00Z,Packaging,PKG07,736,69,91.4,80.0,41.92,30.65
2026-09-30T11:00:00Z,Packaging,PKG08,1619,198,89.12,81.67,69.49,50.58
2026-09-30T11:00:00Z,Kitting,KIT03,1751,36,98.01,81.67,72.92,58.37
2026-09-30T11:00:00Z,Kitting,KIT04,834,17,97.98,30.0,85.95,25.26
2026-09-30T11:00:00Z,Kitting,KIT05,843,11,98.7,48.33,60.92,29.06
2026-09-30T11:00:00Z,Kitting,KIT07,1783,2,99.9,76.67,77.62,59.45
2026-09-30T11:00:00Z,Kitting,KIT08,199,4,98.22,11.67,56.14,6.43
2026-09-30T12:00:00Z,Assembly,ASM02,1514,50,96.83,71.67,72.71,50.46
2026-09-30T12:00:00Z,Assembly,ASM05,540,16,97.05,23.33,74.56,16.88
2026-09-30T12:00:00Z,Molding,MLD03,1142,22,98.15,58.33,71.25,40.79
2026-09-30T12:00:00Z,Molding,MLD04,2371,27,98.89,86.67,83.84,71.85
2026-09-30T12:00:00Z,Molding,MLD05,1505,95,94.05,81.67,67.55,51.89
2026-09-30T12:00:00Z,Molding,MLD07,1539,44,97.23,91.67,66.43,59.21
2026-09-30T12:00:00Z,Coating,COT01,1622,37,97.76,100.0,69.15,67.6
2026-09-30T12:00:00Z,Coating,COT02,1956,42,97.89,91.67,68.13,61.14
2026-09-30T12:00:00Z,Coating,COT03,1894,59,96.99,100.0,65.08,63.12
2026-09-30T12:00:00Z,Packaging,PKG04,1918,121,94.05,88.33,76.94,63.92
2026-09-30T12:00:00Z,Packaging,PKG05,1212,179,87.11,85.0,62.94,46.6
2026-09-30T12:00:00Z,Packaging,PKG06,2295,180,92.74,100.0,79.83,74.03
2026-09-30T12:00:00Z,Packaging,PKG07,1196,135,89.85,96.67,57.36,49.82
2026-09-30T12:00:00Z,Packaging,PKG08,1538,188,89.09,75.0,71.92,48.06
2026-09-30T12:00:00Z,Kitting,KIT03,2440,27,98.89,100.0,82.24,81.33
2026-09-30T12:00:00Z,Kitting,KIT04,2460,9,99.64,90.0,83.11,74.53
2026-09-30T12:00:00Z,Kitting,KIT05,1005,19,98.14,56.67,62.33,34.66
2026-09-30T12:00:00Z,Kitting,KIT07,2241,23,98.98,100.0,75.48,74.71
2026-09-30T13:00:00Z,Assembly,ASM01,1512,56,96.41,55.0,83.88,44.48
2026-09-30T13:00:00Z,Assembly,ASM02,1980,94,95.45,81.67,84.67,66.0
2026-09-30T13:00:00Z,Assembly,ASM05,2289,51,97.83,88.33,82.79,71.54
2026-09-30T13:00:00Z,Molding,MLD03,622,23,96.37,33.33,69.16,22.22
2026-09-30T13:00:00Z,Molding,MLD04,2554,49,98.13,100.0,78.85,77.38
2026-09-30T13:00:00Z,Molding,MLD05,1320,85,93.95,78.33,61.84,45.51
2026-09-30T13:00:00Z,Molding,MLD06,1263,61,95.41,85.0,57.69,46.78
2026-09-30T13:00:00Z,Molding,MLD07,1175,32,97.36,73.33,63.32,45.21
2026-09-30T13:00:00Z,Coating,COT01,1164,31,97.44,68.33,72.81,48.49
2026-09-30T13:00:00Z,Coating,COT02,993,26,97.42,43.33,73.53,31.04
2026-09-30T13:00:00Z,Coating,COT03,2028,41,98.0,91.67,75.23,67.58
2026-09-30T13:00:00Z,Packaging,PKG04,1516,77,95.14,83.33,63.74,50.54
2026-09-30T13:00:00Z,Packaging,PKG05,1004,144,87.43,80.0,55.22,38.62
2026-09-30T13:00:00Z,Packaging,PKG06,363,34,91.53,16.67,76.82,11.72
2026-09-30T13:00:00Z,Packaging,PKG07,74,9,89.51,6.67,51.43,3.07
2026-09-30T13:00:00Z,Packaging,PKG08,1558,186,89.34,83.33,65.41,48.7
2026-09-30T13:00:00Z,Kitting,KIT04,2794,6,99.8,91.67,92.55,84.67
2026-09-30T13:00:00Z,Kitting,KIT05,1454,31,97.9,80.0,64.03,50.15
2026-09-30T13:00:00Z,Kitting,KIT07,1469,7,99.54,60.0,82.01,48.98
2026-09-30T13:00:00Z,Kitting,KIT08,1863,37,98.04,88.33,69.4,60.11
2026-09-30T14:00:00Z,Assembly,ASM01,2026,69,96.69,65.0,94.79,59.58
2026-09-30T14:00:00Z,Assembly,ASM02,1587,64,96.11,71.67,76.8,52.9
2026-09-30T14:00:00Z,Assembly,ASM05,1427,22,98.51,60.0,75.43,44.58
2026-09-30T14:00:00Z,Molding,MLD03,1549,60,96.25,86.67,66.33,55.33
2026-09-30T14:00:00Z,Molding,MLD04,222,2,98.99,8.33,81.72,6.74
2026-09-30T14:00:00Z,Molding,MLD05,1367,95,93.51,85.0,59.3,47.13
2026-09-30T14:00:00Z,Molding,MLD06,1450,75,95.1,85.0,66.41,53.69
2026-09-30T14:00:00Z,Molding,MLD07,1434,60,96.02,100.0,57.45,55.17
2026-09-30T14:00:00Z,Coating,COT01,909,31,96.72,65.0,60.22,37.86
2026-09-30T14:00:00Z,Coating,COT02,1866,58,97.0,83.33,72.16,58.33
2026-09-30T14:00:00Z,Coating,COT03,1739,21,98.81,80.0,73.35,57.98
2026-09-30T14:00:00Z,Packaging,PKG04,1979,135,93.6,100.0,70.47,65.96
2026-09-30T14:00:00Z,Packaging,PKG05,800,116,87.29,63.33,55.67,30.78
2026-09-30T14:00:00Z,Packaging,PKG06,884,78,91.91,36.67,84.62,28.51
2026-09-30T14:00:00Z,Packaging,PKG07,1174,105,91.78,100.0,53.28,48.9
2026-09-30T14:00:00Z,Packaging,PKG08,2053,242,89.47,100.0,71.7,64.15
2026-09-30T14:00:00Z,Kitting,KIT03,628,6,98.98,26.67,79.33,20.94
2026-09-30T14:00:00Z,Kitting,KIT04,2692,54,98.03,100.0,83.23,81.59
2026-09-30T14:00:00Z,Kitting,KIT05,1791,23,98.76,85.0,73.55,61.74
2026-09-30T14:00:00Z,Kitting,KIT07,369,4,98.96,15.0,82.81,12.29
2026-09-30T14:00:00Z,Kitting,KIT08,1841,45,97.6,86.67,70.2,59.38
2026-09-30T15:00:00Z,Assembly,ASM01,2100,87,96.03,71.67,89.75,61.76
2026-09-30T15:00:00Z,Assembly,ASM02,2130,57,97.4,100.0,72.89,70.99
2026-09-30T15:00:00Z,Assembly,ASM05,2716,40,98.54,100.0,86.13,84.88
2026-09-30T15:00:00Z,Molding,MLD03,1736,61,96.6,100.0,64.17,61.99
2026-09-30T15:00:00Z,Molding,MLD04,1658,20,98.83,60.0,84.73,50.24
2026-09-30T15:00:00Z,Molding,MLD05,1377,84,94.28,86.67,58.1,47.47
2026-09-30T15:00:00Z,Molding,MLD06,1079,64,94.41,68.33,61.95,39.97
2026-09-30T15:00:00Z,Molding,MLD07,1344,66,95.33,91.67,59.15,51.69
2026-09-30T15:00:00Z,Coating,COT01,1094,29,97.41,81.67,57.29,45.58
2026-09-30T15:00:00Z,Coating,COT02,1864,52,97.3,73.33,81.64,58.25
2026-09-30T15:00:00Z,Coating,COT03,1638,18,98.88,76.67,72.01,54.59
2026-09-30T15:00:00Z,Packaging,PKG04,1440,88,94.24,75.0,67.92,48.01
2026-09-30T15:00:00Z,Packaging,PKG05,400,61,86.85,33.33,53.19,15.4
2026-09-30T15:00:00Z,Packaging,PKG06,2174,203,91.47,93.33,82.16,70.14
2026-09-30T15:00:00Z,Packaging,PKG07,706,70,90.94,68.33,47.32,29.41
2026-09-30T15:00:00Z,Packaging,PKG08,1645,192,89.54,86.67,66.23,51.39
2026-09-30T15:00:00Z,Kitting,KIT03,2440,11,99.56,100.0,81.69,81.33
2026-09-30T15:00:00Z,Kitting,KIT04,2030,31,98.48,68.33,91.39,61.5
2026-09-30T15:00:00Z,Kitting,KIT05,1366,22,98.4,66.67,71.81,47.11
2026-09-30T15:00:00Z,Kitting,KIT08,2021,29,98.59,91.67,72.13,65.18
